{"cameraMode":{"drawMode":0,"name":"Shaded","section":"Shading Mode"},"sceneLighting":true,"audioPlay":false,"sceneViewState":{"m_AlwaysRefresh":false,"showFog":true,"showSkybox":true,"showFlares":true,"showImageEffects":true,"showParticleSystems":true,"showVisualEffectGraphs":true,"m_FxEnabled":false},"in2DMode":false,"pivot":{"x":393.1314392089844,"y":0.7672665119171143,"z":472.7464294433594},"rotation":{"x":0.006429851986467838,"y":0.9918953776359558,"z":-0.05541342869400978,"w":0.11482039093971253},"size":3.135214328765869,"orthographic":false}