{"cameraMode":{"drawMode":0,"name":"Shaded","section":"Shading Mode"},"sceneLighting":true,"audioPlay":false,"sceneViewState":{"m_AlwaysRefresh":false,"showFog":true,"showSkybox":true,"showFlares":true,"showImageEffects":true,"showParticleSystems":true,"showVisualEffectGraphs":true,"m_FxEnabled":false},"in2DMode":false,"pivot":{"x":391.7000427246094,"y":1.194056510925293,"z":473.6436767578125},"rotation":{"x":-0.0005685194628313184,"y":0.07904989272356034,"z":0.00027946478803642094,"w":0.9972281455993652},"size":3.2767255306243898,"orthographic":false}