{"cameraMode":{"drawMode":0,"name":"Shaded","section":"Shading Mode"},"sceneLighting":true,"audioPlay":false,"sceneViewState":{"m_AlwaysRefresh":false,"showFog":true,"showSkybox":true,"showFlares":true,"showImageEffects":true,"showParticleSystems":true,"showVisualEffectGraphs":true,"m_FxEnabled":false},"in2DMode":false,"pivot":{"x":391.7237243652344,"y":1.0386037826538087,"z":477.9649658203125},"rotation":{"x":-0.05075634643435478,"y":0.09466413408517838,"z":-0.0050885602831840519,"w":-0.9946034550666809},"size":2.37391996383667,"orthographic":false}