{"cameraMode":{"drawMode":0,"name":"Shaded","section":"Shading Mode"},"sceneLighting":false,"audioPlay":false,"sceneViewState":{"m_AlwaysRefresh":false,"showFog":true,"showSkybox":true,"showFlares":true,"showImageEffects":true,"showParticleSystems":true,"showVisualEffectGraphs":true,"m_FxEnabled":false},"in2DMode":false,"pivot":{"x":391.8616027832031,"y":2.2115635871887209,"z":477.22943115234377},"rotation":{"x":0.00011131503561045974,"y":0.9997667074203491,"z":-0.033016152679920199,"w":-0.001115112449042499},"size":4.075489044189453,"orthographic":false}